yield,sigma yield,half_life,sigma half_life
0.0005762572713094761,0.0,55.49396612096345,0.0
0.0029881539027100724,0.0,23.031084684305146,0.0
0.0018867891489398178,0.0,8.433996420500357,0.0
0.006924896479208246,0.0,2.632369563619486,0.0
0.004429401522670126,0.0,0.7161423493452548,0.0
0.0018618725758255095,0.0,0.13930288167466812,0.0
