yield,sigma yield,half_life,sigma half_life
0.000590419742943124,0.0,55.231352150176455,0.0
0.003137192073348421,0.0,22.525449438261457,0.0
0.002240651631570589,0.0,6.978707107308105,0.0
0.006544452484095048,0.0,2.462561599041238,0.0
0.004127921451650911,0.0,0.7359392505586764,0.0
0.002014684279741236,0.0,0.1515577482822932,0.0
