Element, Scaled Rate
Kr, 0.05
Xe, 0.05
Se, 0.05
Nb, 0.05
Mo, 0.05
Tc, 0.05
Ru, 0.05
Rh, 0.05
Pd, 0.05
Ag, 0.05
Sb, 0.05
Te, 0.05
Y, 2.3148148e-7
La, 2.3148148e-7
Ce, 2.3148148e-7
Pr, 2.3148148e-7
Nd, 2.3148148e-7
Pm, 2.3148148e-7
Sm, 2.3148148e-7
Gd, 2.3148148e-7
Br, 1.929012345679e-7
I, 1.929012345679e-7
Zr,5.787037037e-8
Cd,5.787037037e-8
In,5.787037037e-8
Sn,5.787037037e-8
Eu, 2.3148148148148e-8