yield,sigma yield,half_life,sigma half_life
0.0005907204232151493,0.0,55.22732091610048,0.0
0.0031441874956869907,0.0,22.507083381283604,0.0
0.0023844142629210387,0.0,6.813397911113515,0.0
0.007363485845659069,0.0,2.275850551991717,0.0
0.003648168543292984,0.0,0.5128876443699149,0.0
0.0018097847340523881,0.0,0.04321723401443949,0.0
