yield,sigma yield,half_life,sigma half_life
0.0005870792293887829,0.0,55.289964797259024,0.0
0.0030914678800217877,0.0,22.664616628706085,0.0
0.0019688681906939974,0.0,7.588589786446466,0.0
0.0064391555780816435,0.0,2.6414443366188616,0.0
0.004439267410030921,0.0,0.799903764420208,0.0
0.002129293201117738,0.0,0.15793294095181293,0.0
