yield,sigma yield,half_life,sigma half_life
0.000576917756712231,0.0,55.48391091244194,0.0
0.0030074794778278775,0.0,22.983455363391936,0.0
0.0020085020458220047,0.0,8.105458402329596,0.0
0.007063445278888828,0.0,2.5323026524238013,0.0
0.004371356624008638,0.0,0.6550392707707646,0.0
0.0016772007543679973,0.0,0.12077144102601928,0.0
