yield,sigma yield,half_life,sigma half_life
0.000576256829992561,0.0,55.49391683217315,0.0
0.002987977497827005,0.0,23.031495152020387,0.0
0.001886406765998293,0.0,8.435790714156008,0.0
0.006924758804759013,0.0,2.632684497413109,0.0
0.004429810503186607,0.0,0.7162606364020088,0.0
0.0018621509577297888,0.0,0.13931998047531707,0.0
