yield,sigma yield,half_life,sigma half_life
0.0005720720872390899,0.0,55.55682831326315,0.0
0.002830528099989927,0.0,23.38945677656511,0.0
0.0014067311232208997,0.0,10.67381373520948,0.0
0.005703624723978119,0.0,3.278896575815644,0.0
0.005712734311083684,0.0,1.0504288768395829,0.0
0.002479106453519196,0.0,0.16289560229757322,0.0
