yield,sigma yield,half_life,sigma half_life
0.0005762565600353954,0.0,55.4939659618683,0.0
0.002988222570130418,0.0,23.031007268968427,0.0
0.001887721237426173,0.0,8.431971951659571,0.0
0.006925952785121379,0.0,2.6315263361703396,0.0
0.004428071271774303,0.0,0.7158460020002585,0.0
0.0018612510707719991,0.0,0.13926642607212225,0.0
